source,articles,tokens_raw,tokens_no_stop,unique_lemmas,ttr_lemma,sent_mean,sent_median,sent_pos_share,sent_neg_share
Rbc,120,33522,21952,4715,0.214787,0.000746,0.0,0.433333,0.325
Suspilne,40,13313,8837,2807,0.317642,-0.003703,0.0,0.325,0.45
Ukr Pravda,141,33833,22789,6558,0.28777,-0.003495,0.0,0.404255,0.340426
